{
  "loss": 0.8662722631106301,
  "accuracy": 0.788,
  "f1_weighted": 0.7885428584202804,
  "f1_macro": 0.7845799919522336,
  "precision": 0.7897181855326448,
  "recall": 0.788
}