{
  "loss": 1.0805641215275974,
  "accuracy": 0.729,
  "f1_weighted": 0.7301686194492942,
  "f1_macro": 0.7285436819293232,
  "precision": 0.7474834682860999,
  "recall": 0.729
}