{
  "loss": 0.4963239391644796,
  "accuracy": 0.764,
  "f1_weighted": 0.7652378220725439,
  "f1_macro": 0.7623229507404246,
  "precision": 0.7723358425477931,
  "recall": 0.764
}