{
  "learning_rate": 4.6225890010208326e-05,
  "batch_size": 16,
  "dropout": 0.09091248360355031,
  "frozen_layers": 1,
  "f1_score": 0.6753785048680284,
  "accuracy": 0.685
}