{
  "status": "running",
  "trial": 50,
  "best_score": 0.7365724192589658,
  "best_params": {
    "learning_rate": 8.033989678772208e-05,
    "batch_size": 16,
    "dropout": 0.020869425190585406,
    "frozen_layers": 1,
    "f1_score": 0.7365724192589658,
    "accuracy": 0.738
  },
  "total_trials": 50
}